{
  "withdrawal_heat_content": {
    "2": 7.434609494599405e-16,
    "1": 11758.16453504669
  },
  "pipe_concentration": {
    "5": 0.05,
    "4": 0.06154822981581956,
    "2": 0.09999999999999994,
    "1": 0.09999999999999995
  },
  "withdrawal_flows": {
    "2": 0.0,
    "1": 217.90519894452726
  },
  "node_concentration": {
    "5": 0.05,
    "4": 0.061548229815819415,
    "6": 0.09999999999999963,
    "7": 0.09999999999999962,
    "2": 0.09999999999999962,
    "8": 0.05,
    "3": 0.09999999999999992,
    "1": 0.09999999999999966
  },
  "pressure": {
    "5": 5.251313959575398e6,
    "4": 4.735201934028625e6,
    "6": 5.318280060780127e6,
    "7": 5.712462789713941e6,
    "2": 4.735201934028624e6,
    "8": 5.251313959575398e6,
    "3": 3.4807114291256173e6,
    "1": 5.0e6
  },
  "compressor_ratio": {
    "2": 1.2063820866143888,
    "3": 1.1089947235064745,
    "1": 1.0636560121560252
  },
  "compressor_concentration": {
    "2": 0.09999999999999994,
    "3": 0.061548229815819124,
    "1": 0.09999999999999998
  },
  "injection_flows": {
    "1": 217.9051989445274
  },
  "compressor_flows": {
    "2": 217.90519894452726,
    "3": 0.0,
    "1": 217.90519894452726
  },
  "pipe_flows": {
    "5": 0.0,
    "4": 0.0,
    "2": 217.90519894452726,
    "1": 217.90519894452726
  }
}
