{
  "withdrawal_heat_content": {
    "2": 1488.7103216843584,
    "1": 12279.176595703848
  },
  "pipe_concentration": {
    "5": 0.0999999999858377,
    "4": 0.09999999999513468,
    "2": 0.10000000000205259,
    "3": 0.09999999999610526,
    "1": 0.1000000000020328
  },
  "withdrawal_flows": {
    "2": 27.58914606221387,
    "1": 227.56072267283278
  },
  "node_concentration": {
    "5": 0.09999999998623887,
    "4": 0.09999999998618431,
    "6": 0.10000000000147012,
    "7": 0.10000000000230687,
    "2": 0.10000000000078896,
    "8": 0.09999999998512166,
    "3": 0.10000000000278662,
    "1": 0.09999999999952727
  },
  "pressure": {
    "5": 4.631301880377315e6,
    "4": 3.8501410274617197e6,
    "6": 5.256638166020403e6,
    "7": 5.944300676956135e6,
    "2": 4.426641614775719e6,
    "8": 4.6717052441916e6,
    "3": 3.8493936584811234e6,
    "1": 5.0e6
  },
  "compressor_ratio": {
    "2": 1.3428466079374057,
    "3": 1.2133854866276188,
    "1": 1.0513276332040806
  },
  "compressor_concentration": {
    "2": 0.10000000000172536,
    "3": 0.0999999999795215,
    "1": 0.09999999999998425
  },
  "injection_flows": {
    "1": 255.1498688827983
  },
  "compressor_flows": {
    "2": 217.90519876068166,
    "3": 27.58914606390898,
    "1": 255.14986874537945
  },
  "pipe_flows": {
    "5": 27.589146062372084,
    "4": 37.24466997604729,
    "2": 217.90519876043408,
    "3": -9.655523912189956,
    "1": 255.14986873880022
  }
}
