{
  "withdrawal_heat_content": {
    "5": 2233.3587399687144,
    "16": 787.2472735647939,
    "20": 522.1020296065349,
    "12": 693.9496673557908,
    "24": 777.0123074445022,
    "28": 540.0372954029111,
    "8": 194.8672337210345,
    "17": 1094.5699246630102,
    "1": 706.8414913450433,
    "23": 719.0389309152117,
    "22": 859.8434956183669,
    "19": 709.9543703880089,
    "6": 194.9211200858736,
    "11": 774.1641803774985,
    "9": 777.4984833230401,
    "14": 1475.7567719105741,
    "3": 5396.000052901232,
    "29": 2974.565504774675,
    "7": 521.2363007011471,
    "25": 785.9838569541603,
    "4": 190.52565696274974,
    "13": 5396.000052901232,
    "15": 774.4803761541793,
    "2": 2960.299981909418,
    "27": 518.2376220351491,
    "21": 717.0863578783574,
    "26": 581.6119869597369,
    "10": 520.4251676780707,
    "18": 773.9333176285853
  },
  "pipe_concentration": {
    "5": 0.051040040480645615,
    "35": 0.0548607281400186,
    "20": 0.09772310925412471,
    "16": 0.05,
    "12": 0.05486072814001859,
    "24": 0.07559062853698294,
    "28": 0.05486072814001859,
    "8": 0.05104004048064562,
    "17": 0.051040040480645595,
    "37": 0.05104004048064561,
    "1": 0.05,
    "23": 0.0548607281400186,
    "32": 0.05486072814001859,
    "22": 0.09772310925412471,
    "6": 0.051040040480645615,
    "19": 0.0510400404806456,
    "11": 0.0510400404806456,
    "36": 0.0510400404806456,
    "30": 0.0548607281400186,
    "31": 0.0548607281400186,
    "9": 0.0510400404806456,
    "14": 0.051040040480645595,
    "3": 0.05104004048064561,
    "39": 0.05104004048064561,
    "29": 0.05486072814001859,
    "33": 0.05486072814001859,
    "25": 0.09772310925412471,
    "7": 0.0510400404806456,
    "34": 0.05486072814001859,
    "4": 0.05,
    "13": 0.051040040480645595,
    "15": 0.051040040480645595,
    "2": 0.051040040480645595,
    "27": 0.05486072814001859,
    "21": 0.09772310925412471,
    "38": 0.05104004048064561,
    "26": 0.05486072814001859,
    "10": 0.0510400404806456,
    "18": 0.0510400404806456
  },
  "withdrawal_flows": {
    "5": 42.21332044893047,
    "16": 15.886523927304447,
    "20": 10.615819875381916,
    "12": 14.109971334112709,
    "24": 15.679983949809333,
    "28": 10.980494862864564,
    "8": 3.9622053458697355,
    "17": 22.088245818275997,
    "1": 14.372098798811843,
    "23": 14.620107452437164,
    "22": 17.483064904731933,
    "19": 14.435392487286634,
    "6": 3.963301008997691,
    "11": 15.622509201636406,
    "9": 15.689794901192238,
    "14": 28.612333153895005,
    "3": 109.94295136310579,
    "29": 55.3533427674455,
    "7": 10.59821714334995,
    "25": 15.861028382398844,
    "4": 3.87392873664868,
    "13": 109.94295136310579,
    "15": 15.747389789821058,
    "2": 55.08787731521394,
    "27": 10.537245473489989,
    "21": 14.580406086655472,
    "26": 11.825826640782442,
    "10": 10.581724500955051,
    "18": 15.61785042832885
  },
  "node_concentration": {
    "5": 0.05486072814001859,
    "35": 0.0510400404806456,
    "20": 0.08920587020519159,
    "16": 0.05486072814001859,
    "12": 0.0510400404806456,
    "24": 0.05,
    "28": 0.0548607281400186,
    "8": 0.05,
    "17": 0.051040040480645595,
    "37": 0.05104004048064561,
    "1": 0.05486072814001859,
    "23": 0.05104004048064562,
    "32": 0.051040040480645595,
    "22": 0.0510400404806456,
    "6": 0.0548607281400186,
    "19": 0.05486072814001859,
    "11": 0.05486072814001859,
    "36": 0.051040040480645595,
    "30": 0.09772310925412471,
    "31": 0.05,
    "9": 0.05104004048064562,
    "14": 0.05486072814001859,
    "3": 0.05486072814001859,
    "39": 0.09772310925412471,
    "29": 0.09772310925412471,
    "33": 0.0510400404806456,
    "25": 0.0510400404806456,
    "7": 0.09772310925412471,
    "40": 0.05486072814001859,
    "34": 0.051040040480645615,
    "4": 0.05486072814001859,
    "13": 0.0548607281400186,
    "15": 0.07559062853698294,
    "2": 0.05486072814001859,
    "27": 0.05104004048064561,
    "38": 0.05,
    "21": 0.051040040480645595,
    "26": 0.0510400404806456,
    "10": 0.0548607281400186,
    "18": 0.05104004048064561
  },
  "pressure": {
    "5": 4.539790936709879e6,
    "35": 4.790209394080651e6,
    "20": 5.063180974714122e6,
    "16": 5.219337648378742e6,
    "12": 4.748255432315529e6,
    "24": 4.852519080540537e6,
    "28": 4.521165833593275e6,
    "8": 5.293301097808628e6,
    "17": 4.837558847946109e6,
    "37": 4.821541037932387e6,
    "1": 5.226543785046859e6,
    "23": 4.786755949569874e6,
    "32": 4.847902713369028e6,
    "22": 4.749615627212166e6,
    "6": 4.408066730101644e6,
    "19": 4.488183885952968e6,
    "11": 4.484361524546866e6,
    "36": 4.839362102064523e6,
    "30": 5.068304252264337e6,
    "31": 4.882598025157036e6,
    "9": 4.784930666478869e6,
    "14": 4.412749392021514e6,
    "3": 4.4881040435559265e6,
    "39": 3.976012714391217e6,
    "29": 5.05185255524052e6,
    "33": 4.818297780148156e6,
    "25": 4.749788792235983e6,
    "7": 5.2695590671966085e6,
    "40": 3.6910694767561997e6,
    "34": 4.79033428524267e6,
    "4": 4.541331328567311e6,
    "13": 4.410995318990907e6,
    "15": 5.063414506804692e6,
    "2": 4.680469262801587e6,
    "27": 4.876296620721704e6,
    "38": 5.0e6,
    "21": 4.853396530732271e6,
    "26": 5.063938564392868e6,
    "10": 4.486183906943906e6,
    "18": 4.799934791755729e6
  },
  "compressor_ratio": {
    "5": 1.3253375795614002,
    "4": 1.2303565015953974,
    "6": 1.0841156840140211,
    "2": 1.1655045554283199,
    "3": 1.0428425799242385,
    "1": 1.14878899854497
  },
  "compressor_concentration": {
    "5": 0.09772310925412471,
    "4": 0.05486072814001859,
    "6": 0.05,
    "2": 0.05486072814001859,
    "3": 0.05486072814001859,
    "1": 0.0548607281400186
  },
  "injection_flows": {
    "2": 160.00000157964215,
    "3": 160.000001578558,
    "1": 379.88590430463927
  },
  "compressor_flows": {
    "5": 160.00000157964215,
    "4": 160.000001578558,
    "6": 160.0000015784277,
    "2": 22.088245818275997,
    "3": 116.80467545730873,
    "1": 43.55406496961187
  },
  "pipe_flows": {
    "5": 6.002616462789139,
    "35": -74.79442459957713,
    "20": -23.59040647047455,
    "16": 109.94295136310579,
    "12": 22.088245818275997,
    "24": -16.24494542242233,
    "28": 90.74472276749586,
    "8": 10.537245473489989,
    "17": -28.407023312565396,
    "37": 60.560220458658,
    "1": 379.88590430463927,
    "23": -43.55406496961187,
    "32": -116.80467545730873,
    "22": 25.968375026508138,
    "6": 21.135462616839938,
    "19": 21.26687210584278,
    "11": -16.378543129682015,
    "36": 104.63222037637641,
    "30": 74.8581988401914,
    "31": 37.77804071946824,
    "9": 7.836134082518415,
    "14": -32.91942314603031,
    "3": 37.753898955010996,
    "39": 29.962028583605697,
    "29": -90.74472276749586,
    "33": -11.447773811545966,
    "25": -160.00000157964215,
    "7": 11.799435091516106,
    "34": -59.176574171248284,
    "4": -160.0000015784277,
    "13": -32.12593291950308,
    "15": -13.826617225909928,
    "2": -17.329493361236455,
    "27": 11.447773811545966,
    "21": 55.08787731521394,
    "38": 48.734393817875564,
    "26": 69.25527881106213,
    "10": 3.87392873664868,
    "18": 60.17190916108848
  }
}
