{
  "withdrawal_heat_content": {
    "2": 1111.5015211742573,
    "3": 980.5280267352316,
    "1": 1111.5015248342095
  },
  "pipe_concentration": {
    "5": 0.05000010991763641,
    "4": 0.04999993421228687,
    "6": 0.07205612311739731,
    "7": 0.06604760820127833,
    "2": 0.05,
    "8": 0.06604760820127833,
    "3": 0.07205612311739731,
    "1": 0.05
  },
  "withdrawal_flows": {
    "2": 21.94637503586211,
    "3": 19.97816126757587,
    "1": 21.946375108127132
  },
  "node_concentration": {
    "5": 0.06604760820127833,
    "8": 0.05,
    "1": 0.0500000000002695,
    "6": 0.05,
    "11": 0.06604760820127833,
    "9": 0.04999993421228687,
    "3": 0.072056147730902,
    "7": 0.07205612311729649,
    "4": 0.06604760820127835,
    "2": 0.04999993421228687,
    "10": 0.06604760820127833
  },
  "pressure": {
    "5": 5.334027433734729e6,
    "8": 4.854115065377434e6,
    "1": 5.074416326795186e6,
    "6": 5.0e6,
    "11": 5.264297456924937e6,
    "9": 4.873350307171268e6,
    "3": 5.0717975659093065e6,
    "7": 5.228351633094217e6,
    "4": 4.910254606417893e6,
    "2": 4.930733629549432e6,
    "10": 5.264297456462681e6
  },
  "compressor_ratio": {
    "2": 1.0863036362234555,
    "1": 1.0453844333005367
  },
  "compressor_concentration": {
    "2": 0.06604760820127835,
    "1": 0.05
  },
  "injection_flows": {
    "2": 31.935455706361353,
    "1": 31.93545570520376
  },
  "compressor_flows": {
    "2": 43.89275014398925,
    "1": 31.93545570520376
  },
  "pipe_flows": {
    "5": 11.957294437627892,
    "4": 19.97816126757587,
    "6": 31.935455706361353,
    "7": 21.946375108127132,
    "2": 31.93545570520376,
    "8": 21.94637503586211,
    "3": 31.935455706361353,
    "1": 31.93545570520376
  }
}
